<?xml version="1.0" encoding="UTF-8"?>
<solver>
  <!--<environmentMode>FULL_ASSERT</environmentMode>--><!-- To slowly prove there are no bugs in this code -->
<moveThreadCount>6</moveThreadCount><!-- To solve faster by saturating multiple CPU cores -->

  <solutionClass>org.optaplanner.examples.curriculumcourse.domain.CourseSchedule</solutionClass>
  <entityClass>org.optaplanner.examples.curriculumcourse.domain.Lecture</entityClass>

  <scoreDirectorFactory>
    <scoreDrl>org/optaplanner/examples/curriculumcourse/solver/curriculumCourseScoreRules.drl</scoreDrl>
    <!--<assertionScoreDirectorFactory>-->
      <!--<scoreDrl>org/optaplanner/examples/curriculumcourse/solver/curriculumCourseScoreRules.drl</scoreDrl>-->
    <!--</assertionScoreDirectorFactory>-->
  </scoreDirectorFactory>

  <!--  <termination>-->
    <!--<minutesSpentLimit>7</minutesSpentLimit>-->
  <!--</termination>-->
  <constructionHeuristic>
  <!--   <constructionHeuristicType>FIRST_FIT_DECREASING</constructionHeuristicType>-->
    <constructionHeuristicType>FIRST_FIT</constructionHeuristicType>
        <changeMoveSelector>
      <valueSelector variableName="period"/>
    </changeMoveSelector>
    <changeMoveSelector>
      <valueSelector variableName="room"/>
    </changeMoveSelector>

    
  </constructionHeuristic>
  <localSearch>
     <termination>
     <terminationCompositionStyle>OR</terminationCompositionStyle>
      <unimprovedStepCountLimit>300</unimprovedStepCountLimit>
      <minutesSpentLimit>10</minutesSpentLimit>
    </termination>
    <unionMoveSelector>

      <changeMoveSelector/>
      <swapMoveSelector>
        <filterClass>org.optaplanner.examples.curriculumcourse.solver.move.DifferentCourseSwapMoveFilter</filterClass>
      </swapMoveSelector>
    </unionMoveSelector>
        <acceptor>
      <entityTabuSize>9</entityTabuSize>
    </acceptor>
    <forager>
      <acceptedCountLimit>100</acceptedCountLimit>
    </forager>
   <!--   <acceptor>
     
      <lateAcceptanceSize>600</lateAcceptanceSize>
    </acceptor>
    <forager>
      <acceptedCountLimit>4</acceptedCountLimit>
    </forager>-->
   <!--  <acceptor>
      <stepCountingHillClimbingSize>200</stepCountingHillClimbingSize>
    </acceptor>
    <forager>
      <acceptedCountLimit>1</acceptedCountLimit>
    </forager>-->
  </localSearch>
</solver>
