<CourseSchedule id="1">
  <id>0</id>
  <name>Fis0506-1</name>
  <teacherList id="2">
    <Teacher id="3">
      <id>20</id>
      <code>t020</code>
    </Teacher>
    <Teacher id="4">
      <id>2</id>
      <code>t002</code>
    </Teacher>
    <Teacher id="5">
      <id>21</id>
      <code>t021</code>
    </Teacher>
    <Teacher id="6">
      <id>3</id>
      <code>t003</code>
    </Teacher>
    <Teacher id="7">
      <id>0</id>
      <code>t000</code>
    </Teacher>
    <Teacher id="8">
      <id>1</id>
      <code>t001</code>
    </Teacher>
    <Teacher id="9">
      <id>10</id>
      <code>t010</code>
    </Teacher>
    <Teacher id="10">
      <id>11</id>
      <code>t011</code>
    </Teacher>
    <Teacher id="11">
      <id>12</id>
      <code>t012</code>
    </Teacher>
    <Teacher id="12">
      <id>22</id>
      <code>t022</code>
    </Teacher>
    <Teacher id="13">
      <id>13</id>
      <code>t013</code>
    </Teacher>
    <Teacher id="14">
      <id>23</id>
      <code>t023</code>
    </Teacher>
    <Teacher id="15">
      <id>14</id>
      <code>t014</code>
    </Teacher>
    <Teacher id="16">
      <id>18</id>
      <code>t018</code>
    </Teacher>
    <Teacher id="17">
      <id>5</id>
      <code>t005</code>
    </Teacher>
    <Teacher id="18">
      <id>17</id>
      <code>t017</code>
    </Teacher>
    <Teacher id="19">
      <id>4</id>
      <code>t004</code>
    </Teacher>
    <Teacher id="20">
      <id>16</id>
      <code>t016</code>
    </Teacher>
    <Teacher id="21">
      <id>7</id>
      <code>t007</code>
    </Teacher>
    <Teacher id="22">
      <id>15</id>
      <code>t015</code>
    </Teacher>
    <Teacher id="23">
      <id>6</id>
      <code>t006</code>
    </Teacher>
    <Teacher id="24">
      <id>9</id>
      <code>t009</code>
    </Teacher>
    <Teacher id="25">
      <id>8</id>
      <code>t008</code>
    </Teacher>
    <Teacher id="26">
      <id>19</id>
      <code>t019</code>
    </Teacher>
  </teacherList>
  <curriculumList id="27">
    <Curriculum id="28">
      <id>0</id>
      <code>q000</code>
    </Curriculum>
    <Curriculum id="29">
      <id>1</id>
      <code>q001</code>
    </Curriculum>
    <Curriculum id="30">
      <id>2</id>
      <code>q002</code>
    </Curriculum>
    <Curriculum id="31">
      <id>3</id>
      <code>q003</code>
    </Curriculum>
    <Curriculum id="32">
      <id>4</id>
      <code>q004</code>
    </Curriculum>
    <Curriculum id="33">
      <id>5</id>
      <code>q005</code>
    </Curriculum>
    <Curriculum id="34">
      <id>6</id>
      <code>q006</code>
    </Curriculum>
    <Curriculum id="35">
      <id>7</id>
      <code>q007</code>
    </Curriculum>
    <Curriculum id="36">
      <id>8</id>
      <code>q008</code>
    </Curriculum>
    <Curriculum id="37">
      <id>9</id>
      <code>q009</code>
    </Curriculum>
    <Curriculum id="38">
      <id>10</id>
      <code>q010</code>
    </Curriculum>
    <Curriculum id="39">
      <id>11</id>
      <code>q011</code>
    </Curriculum>
    <Curriculum id="40">
      <id>12</id>
      <code>q012</code>
    </Curriculum>
    <Curriculum id="41">
      <id>13</id>
      <code>q013</code>
    </Curriculum>
  </curriculumList>
  <courseList id="42">
    <Course id="43">
      <id>0</id>
      <code>c0001</code>
      <teacher reference="7"/>
      <lectureSize>6</lectureSize>
      <minWorkingDaySize>4</minWorkingDaySize>
      <curriculumList id="44">
        <Curriculum reference="28"/>
        <Curriculum reference="30"/>
      </curriculumList>
      <studentSize>130</studentSize>
    </Course>
    <Course id="45">
      <id>1</id>
      <code>c0002</code>
      <teacher reference="8"/>
      <lectureSize>6</lectureSize>
      <minWorkingDaySize>4</minWorkingDaySize>
      <curriculumList id="46">
        <Curriculum reference="28"/>
      </curriculumList>
      <studentSize>75</studentSize>
    </Course>
    <Course id="47">
      <id>2</id>
      <code>c0004</code>
      <teacher reference="4"/>
      <lectureSize>7</lectureSize>
      <minWorkingDaySize>3</minWorkingDaySize>
      <curriculumList id="48">
        <Curriculum reference="28"/>
        <Curriculum reference="40"/>
      </curriculumList>
      <studentSize>117</studentSize>
    </Course>
    <Course id="49">
      <id>3</id>
      <code>c0005</code>
      <teacher reference="6"/>
      <lectureSize>3</lectureSize>
      <minWorkingDaySize>3</minWorkingDaySize>
      <curriculumList id="50">
        <Curriculum reference="28"/>
      </curriculumList>
      <studentSize>75</studentSize>
    </Course>
    <Course id="51">
      <id>4</id>
      <code>c0014</code>
      <teacher reference="19"/>
      <lectureSize>1</lectureSize>
      <minWorkingDaySize>1</minWorkingDaySize>
      <curriculumList id="52">
        <Curriculum reference="29"/>
      </curriculumList>
      <studentSize>65</studentSize>
    </Course>
    <Course id="53">
      <id>5</id>
      <code>c0015</code>
      <teacher reference="17"/>
      <lectureSize>8</lectureSize>
      <minWorkingDaySize>3</minWorkingDaySize>
      <curriculumList id="54">
        <Curriculum reference="29"/>
      </curriculumList>
      <studentSize>65</studentSize>
    </Course>
    <Course id="55">
      <id>6</id>
      <code>c0016</code>
      <teacher reference="23"/>
      <lectureSize>7</lectureSize>
      <minWorkingDaySize>3</minWorkingDaySize>
      <curriculumList id="56">
        <Curriculum reference="29"/>
      </curriculumList>
      <studentSize>65</studentSize>
    </Course>
    <Course id="57">
      <id>7</id>
      <code>c0017</code>
      <teacher reference="21"/>
      <lectureSize>2</lectureSize>
      <minWorkingDaySize>2</minWorkingDaySize>
      <curriculumList id="58">
        <Curriculum reference="29"/>
      </curriculumList>
      <studentSize>65</studentSize>
    </Course>
    <Course id="59">
      <id>8</id>
      <code>c0024</code>
      <teacher reference="25"/>
      <lectureSize>4</lectureSize>
      <minWorkingDaySize>3</minWorkingDaySize>
      <curriculumList id="60">
        <Curriculum reference="30"/>
      </curriculumList>
      <studentSize>55</studentSize>
    </Course>
    <Course id="61">
      <id>9</id>
      <code>c0025</code>
      <teacher reference="24"/>
      <lectureSize>8</lectureSize>
      <minWorkingDaySize>3</minWorkingDaySize>
      <curriculumList id="62">
        <Curriculum reference="30"/>
      </curriculumList>
      <studentSize>55</studentSize>
    </Course>
    <Course id="63">
      <id>10</id>
      <code>c0078</code>
      <teacher reference="9"/>
      <lectureSize>5</lectureSize>
      <minWorkingDaySize>4</minWorkingDaySize>
      <curriculumList id="64">
        <Curriculum reference="30"/>
      </curriculumList>
      <studentSize>55</studentSize>
    </Course>
    <Course id="65">
      <id>11</id>
      <code>c0030</code>
      <teacher reference="10"/>
      <lectureSize>5</lectureSize>
      <minWorkingDaySize>4</minWorkingDaySize>
      <curriculumList id="66">
        <Curriculum reference="31"/>
      </curriculumList>
      <studentSize>20</studentSize>
    </Course>
    <Course id="67">
      <id>12</id>
      <code>c0031</code>
      <teacher reference="11"/>
      <lectureSize>5</lectureSize>
      <minWorkingDaySize>4</minWorkingDaySize>
      <curriculumList id="68">
        <Curriculum reference="32"/>
      </curriculumList>
      <studentSize>11</studentSize>
    </Course>
    <Course id="69">
      <id>13</id>
      <code>c0032</code>
      <teacher reference="13"/>
      <lectureSize>1</lectureSize>
      <minWorkingDaySize>1</minWorkingDaySize>
      <curriculumList id="70">
        <Curriculum reference="31"/>
        <Curriculum reference="32"/>
      </curriculumList>
      <studentSize>31</studentSize>
    </Course>
    <Course id="71">
      <id>14</id>
      <code>c0033</code>
      <teacher reference="15"/>
      <lectureSize>6</lectureSize>
      <minWorkingDaySize>4</minWorkingDaySize>
      <curriculumList id="72">
        <Curriculum reference="31"/>
        <Curriculum reference="32"/>
      </curriculumList>
      <studentSize>31</studentSize>
    </Course>
    <Course id="73">
      <id>15</id>
      <code>c0057</code>
      <teacher reference="22"/>
      <lectureSize>5</lectureSize>
      <minWorkingDaySize>4</minWorkingDaySize>
      <curriculumList id="74">
        <Curriculum reference="34"/>
      </curriculumList>
      <studentSize>2</studentSize>
    </Course>
    <Course id="75">
      <id>16</id>
      <code>c0058</code>
      <teacher reference="20"/>
      <lectureSize>5</lectureSize>
      <minWorkingDaySize>4</minWorkingDaySize>
      <curriculumList id="76">
        <Curriculum reference="38"/>
      </curriculumList>
      <studentSize>2</studentSize>
    </Course>
    <Course id="77">
      <id>17</id>
      <code>c0059</code>
      <teacher reference="18"/>
      <lectureSize>6</lectureSize>
      <minWorkingDaySize>4</minWorkingDaySize>
      <curriculumList id="78">
        <Curriculum reference="34"/>
        <Curriculum reference="36"/>
      </curriculumList>
      <studentSize>7</studentSize>
    </Course>
    <Course id="79">
      <id>18</id>
      <code>c0061</code>
      <teacher reference="16"/>
      <lectureSize>6</lectureSize>
      <minWorkingDaySize>4</minWorkingDaySize>
      <curriculumList id="80">
        <Curriculum reference="35"/>
      </curriculumList>
      <studentSize>6</studentSize>
    </Course>
    <Course id="81">
      <id>19</id>
      <code>c0062</code>
      <teacher reference="26"/>
      <lectureSize>5</lectureSize>
      <minWorkingDaySize>4</minWorkingDaySize>
      <curriculumList id="82">
        <Curriculum reference="35"/>
        <Curriculum reference="41"/>
      </curriculumList>
      <studentSize>10</studentSize>
    </Course>
    <Course id="83">
      <id>20</id>
      <code>c0063</code>
      <teacher reference="3"/>
      <lectureSize>6</lectureSize>
      <minWorkingDaySize>4</minWorkingDaySize>
      <curriculumList id="84">
        <Curriculum reference="37"/>
        <Curriculum reference="38"/>
      </curriculumList>
      <studentSize>8</studentSize>
    </Course>
    <Course id="85">
      <id>21</id>
      <code>c0064</code>
      <teacher reference="3"/>
      <lectureSize>6</lectureSize>
      <minWorkingDaySize>4</minWorkingDaySize>
      <curriculumList id="86">
        <Curriculum reference="37"/>
      </curriculumList>
      <studentSize>6</studentSize>
    </Course>
    <Course id="87">
      <id>22</id>
      <code>c0065</code>
      <teacher reference="5"/>
      <lectureSize>6</lectureSize>
      <minWorkingDaySize>4</minWorkingDaySize>
      <curriculumList id="88">
        <Curriculum reference="36"/>
      </curriculumList>
      <studentSize>5</studentSize>
    </Course>
    <Course id="89">
      <id>23</id>
      <code>c0066</code>
      <teacher reference="25"/>
      <lectureSize>6</lectureSize>
      <minWorkingDaySize>4</minWorkingDaySize>
      <curriculumList id="90">
        <Curriculum reference="33"/>
        <Curriculum reference="37"/>
        <Curriculum reference="41"/>
      </curriculumList>
      <studentSize>14</studentSize>
    </Course>
    <Course id="91">
      <id>24</id>
      <code>c0067</code>
      <teacher reference="12"/>
      <lectureSize>5</lectureSize>
      <minWorkingDaySize>4</minWorkingDaySize>
      <curriculumList id="92">
        <Curriculum reference="39"/>
      </curriculumList>
      <studentSize>7</studentSize>
    </Course>
    <Course id="93">
      <id>25</id>
      <code>c0068</code>
      <teacher reference="14"/>
      <lectureSize>6</lectureSize>
      <minWorkingDaySize>4</minWorkingDaySize>
      <curriculumList id="94">
        <Curriculum reference="38"/>
        <Curriculum reference="39"/>
      </curriculumList>
      <studentSize>9</studentSize>
    </Course>
    <Course id="95">
      <id>26</id>
      <code>c0069</code>
      <teacher reference="21"/>
      <lectureSize>6</lectureSize>
      <minWorkingDaySize>4</minWorkingDaySize>
      <curriculumList id="96">
        <Curriculum reference="39"/>
      </curriculumList>
      <studentSize>7</studentSize>
    </Course>
    <Course id="97">
      <id>27</id>
      <code>c0070</code>
      <teacher reference="4"/>
      <lectureSize>6</lectureSize>
      <minWorkingDaySize>4</minWorkingDaySize>
      <curriculumList id="98">
        <Curriculum reference="33"/>
      </curriculumList>
      <studentSize>4</studentSize>
    </Course>
    <Course id="99">
      <id>28</id>
      <code>c0071</code>
      <teacher reference="8"/>
      <lectureSize>6</lectureSize>
      <minWorkingDaySize>4</minWorkingDaySize>
      <curriculumList id="100">
        <Curriculum reference="37"/>
        <Curriculum reference="41"/>
      </curriculumList>
      <studentSize>10</studentSize>
    </Course>
    <Course id="101">
      <id>29</id>
      <code>c0072</code>
      <teacher reference="6"/>
      <lectureSize>6</lectureSize>
      <minWorkingDaySize>4</minWorkingDaySize>
      <curriculumList id="102">
        <Curriculum reference="33"/>
        <Curriculum reference="36"/>
      </curriculumList>
      <studentSize>9</studentSize>
    </Course>
  </courseList>
  <dayList id="103">
    <Day id="104">
      <id>0</id>
      <dayIndex>0</dayIndex>
      <periodList id="105">
        <Period id="106">
          <id>0</id>
          <day reference="104"/>
          <timeslot id="107">
            <id>0</id>
            <timeslotIndex>0</timeslotIndex>
          </timeslot>
        </Period>
        <Period id="108">
          <id>1</id>
          <day reference="104"/>
          <timeslot id="109">
            <id>1</id>
            <timeslotIndex>1</timeslotIndex>
          </timeslot>
        </Period>
        <Period id="110">
          <id>2</id>
          <day reference="104"/>
          <timeslot id="111">
            <id>2</id>
            <timeslotIndex>2</timeslotIndex>
          </timeslot>
        </Period>
        <Period id="112">
          <id>3</id>
          <day reference="104"/>
          <timeslot id="113">
            <id>3</id>
            <timeslotIndex>3</timeslotIndex>
          </timeslot>
        </Period>
        <Period id="114">
          <id>4</id>
          <day reference="104"/>
          <timeslot id="115">
            <id>4</id>
            <timeslotIndex>4</timeslotIndex>
          </timeslot>
        </Period>
        <Period id="116">
          <id>5</id>
          <day reference="104"/>
          <timeslot id="117">
            <id>5</id>
            <timeslotIndex>5</timeslotIndex>
          </timeslot>
        </Period>
      </periodList>
    </Day>
    <Day id="118">
      <id>1</id>
      <dayIndex>1</dayIndex>
      <periodList id="119">
        <Period id="120">
          <id>6</id>
          <day reference="118"/>
          <timeslot reference="107"/>
        </Period>
        <Period id="121">
          <id>7</id>
          <day reference="118"/>
          <timeslot reference="109"/>
        </Period>
        <Period id="122">
          <id>8</id>
          <day reference="118"/>
          <timeslot reference="111"/>
        </Period>
        <Period id="123">
          <id>9</id>
          <day reference="118"/>
          <timeslot reference="113"/>
        </Period>
        <Period id="124">
          <id>10</id>
          <day reference="118"/>
          <timeslot reference="115"/>
        </Period>
        <Period id="125">
          <id>11</id>
          <day reference="118"/>
          <timeslot reference="117"/>
        </Period>
      </periodList>
    </Day>
    <Day id="126">
      <id>2</id>
      <dayIndex>2</dayIndex>
      <periodList id="127">
        <Period id="128">
          <id>12</id>
          <day reference="126"/>
          <timeslot reference="107"/>
        </Period>
        <Period id="129">
          <id>13</id>
          <day reference="126"/>
          <timeslot reference="109"/>
        </Period>
        <Period id="130">
          <id>14</id>
          <day reference="126"/>
          <timeslot reference="111"/>
        </Period>
        <Period id="131">
          <id>15</id>
          <day reference="126"/>
          <timeslot reference="113"/>
        </Period>
        <Period id="132">
          <id>16</id>
          <day reference="126"/>
          <timeslot reference="115"/>
        </Period>
        <Period id="133">
          <id>17</id>
          <day reference="126"/>
          <timeslot reference="117"/>
        </Period>
      </periodList>
    </Day>
    <Day id="134">
      <id>3</id>
      <dayIndex>3</dayIndex>
      <periodList id="135">
        <Period id="136">
          <id>18</id>
          <day reference="134"/>
          <timeslot reference="107"/>
        </Period>
        <Period id="137">
          <id>19</id>
          <day reference="134"/>
          <timeslot reference="109"/>
        </Period>
        <Period id="138">
          <id>20</id>
          <day reference="134"/>
          <timeslot reference="111"/>
        </Period>
        <Period id="139">
          <id>21</id>
          <day reference="134"/>
          <timeslot reference="113"/>
        </Period>
        <Period id="140">
          <id>22</id>
          <day reference="134"/>
          <timeslot reference="115"/>
        </Period>
        <Period id="141">
          <id>23</id>
          <day reference="134"/>
          <timeslot reference="117"/>
        </Period>
      </periodList>
    </Day>
    <Day id="142">
      <id>4</id>
      <dayIndex>4</dayIndex>
      <periodList id="143">
        <Period id="144">
          <id>24</id>
          <day reference="142"/>
          <timeslot reference="107"/>
        </Period>
        <Period id="145">
          <id>25</id>
          <day reference="142"/>
          <timeslot reference="109"/>
        </Period>
        <Period id="146">
          <id>26</id>
          <day reference="142"/>
          <timeslot reference="111"/>
        </Period>
        <Period id="147">
          <id>27</id>
          <day reference="142"/>
          <timeslot reference="113"/>
        </Period>
        <Period id="148">
          <id>28</id>
          <day reference="142"/>
          <timeslot reference="115"/>
        </Period>
        <Period id="149">
          <id>29</id>
          <day reference="142"/>
          <timeslot reference="117"/>
        </Period>
      </periodList>
    </Day>
  </dayList>
  <timeslotList id="150">
    <Timeslot reference="107"/>
    <Timeslot reference="109"/>
    <Timeslot reference="111"/>
    <Timeslot reference="113"/>
    <Timeslot reference="115"/>
    <Timeslot reference="117"/>
  </timeslotList>
  <periodList id="151">
    <Period reference="106"/>
    <Period reference="108"/>
    <Period reference="110"/>
    <Period reference="112"/>
    <Period reference="114"/>
    <Period reference="116"/>
    <Period reference="120"/>
    <Period reference="121"/>
    <Period reference="122"/>
    <Period reference="123"/>
    <Period reference="124"/>
    <Period reference="125"/>
    <Period reference="128"/>
    <Period reference="129"/>
    <Period reference="130"/>
    <Period reference="131"/>
    <Period reference="132"/>
    <Period reference="133"/>
    <Period reference="136"/>
    <Period reference="137"/>
    <Period reference="138"/>
    <Period reference="139"/>
    <Period reference="140"/>
    <Period reference="141"/>
    <Period reference="144"/>
    <Period reference="145"/>
    <Period reference="146"/>
    <Period reference="147"/>
    <Period reference="148"/>
    <Period reference="149"/>
  </periodList>
  <roomList id="152">
    <Room id="153">
      <id>0</id>
      <code>B</code>
      <capacity>200</capacity>
    </Room>
    <Room id="154">
      <id>1</id>
      <code>C</code>
      <capacity>100</capacity>
    </Room>
    <Room id="155">
      <id>2</id>
      <code>E</code>
      <capacity>9</capacity>
    </Room>
    <Room id="156">
      <id>3</id>
      <code>F</code>
      <capacity>30</capacity>
    </Room>
    <Room id="157">
      <id>4</id>
      <code>G</code>
      <capacity>20</capacity>
    </Room>
    <Room id="158">
      <id>5</id>
      <code>S</code>
      <capacity>30</capacity>
    </Room>
  </roomList>
  <unavailablePeriodPenaltyList id="159">
    <UnavailablePeriodPenalty id="160">
      <id>0</id>
      <course reference="43"/>
      <period reference="144"/>
    </UnavailablePeriodPenalty>
    <UnavailablePeriodPenalty id="161">
      <id>1</id>
      <course reference="43"/>
      <period reference="145"/>
    </UnavailablePeriodPenalty>
    <UnavailablePeriodPenalty id="162">
      <id>2</id>
      <course reference="43"/>
      <period reference="146"/>
    </UnavailablePeriodPenalty>
    <UnavailablePeriodPenalty id="163">
      <id>3</id>
      <course reference="43"/>
      <period reference="147"/>
    </UnavailablePeriodPenalty>
    <UnavailablePeriodPenalty id="164">
      <id>4</id>
      <course reference="43"/>
      <period reference="148"/>
    </UnavailablePeriodPenalty>
    <UnavailablePeriodPenalty id="165">
      <id>5</id>
      <course reference="43"/>
      <period reference="149"/>
    </UnavailablePeriodPenalty>
    <UnavailablePeriodPenalty id="166">
      <id>6</id>
      <course reference="47"/>
      <period reference="106"/>
    </UnavailablePeriodPenalty>
    <UnavailablePeriodPenalty id="167">
      <id>7</id>
      <course reference="47"/>
      <period reference="108"/>
    </UnavailablePeriodPenalty>
    <UnavailablePeriodPenalty id="168">
      <id>8</id>
      <course reference="47"/>
      <period reference="110"/>
    </UnavailablePeriodPenalty>
    <UnavailablePeriodPenalty id="169">
      <id>9</id>
      <course reference="47"/>
      <period reference="112"/>
    </UnavailablePeriodPenalty>
    <UnavailablePeriodPenalty id="170">
      <id>10</id>
      <course reference="47"/>
      <period reference="114"/>
    </UnavailablePeriodPenalty>
    <UnavailablePeriodPenalty id="171">
      <id>11</id>
      <course reference="47"/>
      <period reference="116"/>
    </UnavailablePeriodPenalty>
    <UnavailablePeriodPenalty id="172">
      <id>12</id>
      <course reference="59"/>
      <period reference="136"/>
    </UnavailablePeriodPenalty>
    <UnavailablePeriodPenalty id="173">
      <id>13</id>
      <course reference="59"/>
      <period reference="137"/>
    </UnavailablePeriodPenalty>
    <UnavailablePeriodPenalty id="174">
      <id>14</id>
      <course reference="59"/>
      <period reference="138"/>
    </UnavailablePeriodPenalty>
    <UnavailablePeriodPenalty id="175">
      <id>15</id>
      <course reference="59"/>
      <period reference="139"/>
    </UnavailablePeriodPenalty>
    <UnavailablePeriodPenalty id="176">
      <id>16</id>
      <course reference="59"/>
      <period reference="140"/>
    </UnavailablePeriodPenalty>
    <UnavailablePeriodPenalty id="177">
      <id>17</id>
      <course reference="59"/>
      <period reference="141"/>
    </UnavailablePeriodPenalty>
    <UnavailablePeriodPenalty id="178">
      <id>18</id>
      <course reference="61"/>
      <period reference="130"/>
    </UnavailablePeriodPenalty>
    <UnavailablePeriodPenalty id="179">
      <id>19</id>
      <course reference="61"/>
      <period reference="131"/>
    </UnavailablePeriodPenalty>
    <UnavailablePeriodPenalty id="180">
      <id>20</id>
      <course reference="61"/>
      <period reference="132"/>
    </UnavailablePeriodPenalty>
    <UnavailablePeriodPenalty id="181">
      <id>21</id>
      <course reference="61"/>
      <period reference="133"/>
    </UnavailablePeriodPenalty>
    <UnavailablePeriodPenalty id="182">
      <id>22</id>
      <course reference="61"/>
      <period reference="136"/>
    </UnavailablePeriodPenalty>
    <UnavailablePeriodPenalty id="183">
      <id>23</id>
      <course reference="61"/>
      <period reference="137"/>
    </UnavailablePeriodPenalty>
    <UnavailablePeriodPenalty id="184">
      <id>24</id>
      <course reference="61"/>
      <period reference="138"/>
    </UnavailablePeriodPenalty>
    <UnavailablePeriodPenalty id="185">
      <id>25</id>
      <course reference="61"/>
      <period reference="139"/>
    </UnavailablePeriodPenalty>
    <UnavailablePeriodPenalty id="186">
      <id>26</id>
      <course reference="61"/>
      <period reference="140"/>
    </UnavailablePeriodPenalty>
    <UnavailablePeriodPenalty id="187">
      <id>27</id>
      <course reference="61"/>
      <period reference="141"/>
    </UnavailablePeriodPenalty>
    <UnavailablePeriodPenalty id="188">
      <id>28</id>
      <course reference="71"/>
      <period reference="138"/>
    </UnavailablePeriodPenalty>
    <UnavailablePeriodPenalty id="189">
      <id>29</id>
      <course reference="71"/>
      <period reference="139"/>
    </UnavailablePeriodPenalty>
    <UnavailablePeriodPenalty id="190">
      <id>30</id>
      <course reference="71"/>
      <period reference="140"/>
    </UnavailablePeriodPenalty>
    <UnavailablePeriodPenalty id="191">
      <id>31</id>
      <course reference="71"/>
      <period reference="141"/>
    </UnavailablePeriodPenalty>
    <UnavailablePeriodPenalty id="192">
      <id>32</id>
      <course reference="71"/>
      <period reference="144"/>
    </UnavailablePeriodPenalty>
    <UnavailablePeriodPenalty id="193">
      <id>33</id>
      <course reference="71"/>
      <period reference="145"/>
    </UnavailablePeriodPenalty>
    <UnavailablePeriodPenalty id="194">
      <id>34</id>
      <course reference="71"/>
      <period reference="146"/>
    </UnavailablePeriodPenalty>
    <UnavailablePeriodPenalty id="195">
      <id>35</id>
      <course reference="71"/>
      <period reference="147"/>
    </UnavailablePeriodPenalty>
    <UnavailablePeriodPenalty id="196">
      <id>36</id>
      <course reference="71"/>
      <period reference="148"/>
    </UnavailablePeriodPenalty>
    <UnavailablePeriodPenalty id="197">
      <id>37</id>
      <course reference="71"/>
      <period reference="149"/>
    </UnavailablePeriodPenalty>
    <UnavailablePeriodPenalty id="198">
      <id>38</id>
      <course reference="99"/>
      <period reference="106"/>
    </UnavailablePeriodPenalty>
    <UnavailablePeriodPenalty id="199">
      <id>39</id>
      <course reference="99"/>
      <period reference="108"/>
    </UnavailablePeriodPenalty>
    <UnavailablePeriodPenalty id="200">
      <id>40</id>
      <course reference="99"/>
      <period reference="110"/>
    </UnavailablePeriodPenalty>
    <UnavailablePeriodPenalty id="201">
      <id>41</id>
      <course reference="99"/>
      <period reference="120"/>
    </UnavailablePeriodPenalty>
    <UnavailablePeriodPenalty id="202">
      <id>42</id>
      <course reference="99"/>
      <period reference="121"/>
    </UnavailablePeriodPenalty>
    <UnavailablePeriodPenalty id="203">
      <id>43</id>
      <course reference="99"/>
      <period reference="122"/>
    </UnavailablePeriodPenalty>
    <UnavailablePeriodPenalty id="204">
      <id>44</id>
      <course reference="99"/>
      <period reference="128"/>
    </UnavailablePeriodPenalty>
    <UnavailablePeriodPenalty id="205">
      <id>45</id>
      <course reference="99"/>
      <period reference="129"/>
    </UnavailablePeriodPenalty>
    <UnavailablePeriodPenalty id="206">
      <id>46</id>
      <course reference="99"/>
      <period reference="130"/>
    </UnavailablePeriodPenalty>
    <UnavailablePeriodPenalty id="207">
      <id>47</id>
      <course reference="99"/>
      <period reference="136"/>
    </UnavailablePeriodPenalty>
    <UnavailablePeriodPenalty id="208">
      <id>48</id>
      <course reference="99"/>
      <period reference="137"/>
    </UnavailablePeriodPenalty>
    <UnavailablePeriodPenalty id="209">
      <id>49</id>
      <course reference="99"/>
      <period reference="138"/>
    </UnavailablePeriodPenalty>
    <UnavailablePeriodPenalty id="210">
      <id>50</id>
      <course reference="99"/>
      <period reference="144"/>
    </UnavailablePeriodPenalty>
    <UnavailablePeriodPenalty id="211">
      <id>51</id>
      <course reference="99"/>
      <period reference="145"/>
    </UnavailablePeriodPenalty>
    <UnavailablePeriodPenalty id="212">
      <id>52</id>
      <course reference="99"/>
      <period reference="146"/>
    </UnavailablePeriodPenalty>
  </unavailablePeriodPenaltyList>
  <lectureList id="213">
    <Lecture id="214">
      <id>0</id>
      <course reference="43"/>
      <lectureIndexInCourse>0</lectureIndexInCourse>
      <period reference="120"/>
      <room reference="153"/>
    </Lecture>
    <Lecture id="215">
      <id>1</id>
      <course reference="43"/>
      <lectureIndexInCourse>1</lectureIndexInCourse>
      <period reference="108"/>
      <room reference="153"/>
    </Lecture>
    <Lecture id="216">
      <id>2</id>
      <course reference="43"/>
      <lectureIndexInCourse>2</lectureIndexInCourse>
      <period reference="106"/>
      <room reference="153"/>
    </Lecture>
    <Lecture id="217">
      <id>3</id>
      <course reference="43"/>
      <lectureIndexInCourse>3</lectureIndexInCourse>
      <period reference="140"/>
      <room reference="153"/>
    </Lecture>
    <Lecture id="218">
      <id>4</id>
      <course reference="43"/>
      <lectureIndexInCourse>4</lectureIndexInCourse>
      <period reference="128"/>
      <room reference="153"/>
    </Lecture>
    <Lecture id="219">
      <id>5</id>
      <course reference="43"/>
      <lectureIndexInCourse>5</lectureIndexInCourse>
      <period reference="139"/>
      <room reference="153"/>
    </Lecture>
    <Lecture id="220">
      <id>6</id>
      <course reference="45"/>
      <lectureIndexInCourse>0</lectureIndexInCourse>
      <period reference="123"/>
      <room reference="154"/>
    </Lecture>
    <Lecture id="221">
      <id>7</id>
      <course reference="45"/>
      <lectureIndexInCourse>1</lectureIndexInCourse>
      <period reference="125"/>
      <room reference="153"/>
    </Lecture>
    <Lecture id="222">
      <id>8</id>
      <course reference="45"/>
      <lectureIndexInCourse>2</lectureIndexInCourse>
      <period reference="124"/>
      <room reference="153"/>
    </Lecture>
    <Lecture id="223">
      <id>9</id>
      <course reference="45"/>
      <lectureIndexInCourse>3</lectureIndexInCourse>
      <period reference="133"/>
      <room reference="153"/>
    </Lecture>
    <Lecture id="224">
      <id>10</id>
      <course reference="45"/>
      <lectureIndexInCourse>4</lectureIndexInCourse>
      <period reference="116"/>
      <room reference="153"/>
    </Lecture>
    <Lecture id="225">
      <id>11</id>
      <course reference="45"/>
      <lectureIndexInCourse>5</lectureIndexInCourse>
      <period reference="141"/>
      <room reference="153"/>
    </Lecture>
    <Lecture id="226">
      <id>12</id>
      <course reference="47"/>
      <lectureIndexInCourse>0</lectureIndexInCourse>
      <period reference="136"/>
      <room reference="153"/>
    </Lecture>
    <Lecture id="227">
      <id>13</id>
      <course reference="47"/>
      <lectureIndexInCourse>1</lectureIndexInCourse>
      <period reference="129"/>
      <room reference="153"/>
    </Lecture>
    <Lecture id="228">
      <id>14</id>
      <course reference="47"/>
      <lectureIndexInCourse>2</lectureIndexInCourse>
      <period reference="130"/>
      <room reference="153"/>
    </Lecture>
    <Lecture id="229">
      <id>15</id>
      <course reference="47"/>
      <lectureIndexInCourse>3</lectureIndexInCourse>
      <period reference="145"/>
      <room reference="153"/>
    </Lecture>
    <Lecture id="230">
      <id>16</id>
      <course reference="47"/>
      <lectureIndexInCourse>4</lectureIndexInCourse>
      <period reference="144"/>
      <room reference="153"/>
    </Lecture>
    <Lecture id="231">
      <id>17</id>
      <course reference="47"/>
      <lectureIndexInCourse>5</lectureIndexInCourse>
      <period reference="137"/>
      <room reference="153"/>
    </Lecture>
    <Lecture id="232">
      <id>18</id>
      <course reference="47"/>
      <lectureIndexInCourse>6</lectureIndexInCourse>
      <period reference="138"/>
      <room reference="153"/>
    </Lecture>
    <Lecture id="233">
      <id>19</id>
      <course reference="49"/>
      <lectureIndexInCourse>0</lectureIndexInCourse>
      <period reference="121"/>
      <room reference="156"/>
    </Lecture>
    <Lecture id="234">
      <id>20</id>
      <course reference="49"/>
      <lectureIndexInCourse>1</lectureIndexInCourse>
      <period reference="131"/>
      <room reference="153"/>
    </Lecture>
    <Lecture id="235">
      <id>21</id>
      <course reference="49"/>
      <lectureIndexInCourse>2</lectureIndexInCourse>
      <period reference="132"/>
      <room reference="153"/>
    </Lecture>
    <Lecture id="236">
      <id>22</id>
      <course reference="51"/>
      <lectureIndexInCourse>0</lectureIndexInCourse>
      <period reference="133"/>
      <room reference="156"/>
    </Lecture>
    <Lecture id="237">
      <id>23</id>
      <course reference="53"/>
      <lectureIndexInCourse>0</lectureIndexInCourse>
      <period reference="112"/>
      <room reference="153"/>
    </Lecture>
    <Lecture id="238">
      <id>24</id>
      <course reference="53"/>
      <lectureIndexInCourse>1</lectureIndexInCourse>
      <period reference="141"/>
      <room reference="154"/>
    </Lecture>
    <Lecture id="239">
      <id>25</id>
      <course reference="53"/>
      <lectureIndexInCourse>2</lectureIndexInCourse>
      <period reference="121"/>
      <room reference="153"/>
    </Lecture>
    <Lecture id="240">
      <id>26</id>
      <course reference="53"/>
      <lectureIndexInCourse>3</lectureIndexInCourse>
      <period reference="116"/>
      <room reference="154"/>
    </Lecture>
    <Lecture id="241">
      <id>27</id>
      <course reference="53"/>
      <lectureIndexInCourse>4</lectureIndexInCourse>
      <period reference="140"/>
      <room reference="154"/>
    </Lecture>
    <Lecture id="242">
      <id>28</id>
      <course reference="53"/>
      <lectureIndexInCourse>5</lectureIndexInCourse>
      <period reference="120"/>
      <room reference="154"/>
    </Lecture>
    <Lecture id="243">
      <id>29</id>
      <course reference="53"/>
      <lectureIndexInCourse>6</lectureIndexInCourse>
      <period reference="114"/>
      <room reference="154"/>
    </Lecture>
    <Lecture id="244">
      <id>30</id>
      <course reference="53"/>
      <lectureIndexInCourse>7</lectureIndexInCourse>
      <period reference="139"/>
      <room reference="154"/>
    </Lecture>
    <Lecture id="245">
      <id>31</id>
      <course reference="55"/>
      <lectureIndexInCourse>0</lectureIndexInCourse>
      <period reference="123"/>
      <room reference="153"/>
    </Lecture>
    <Lecture id="246">
      <id>32</id>
      <course reference="55"/>
      <lectureIndexInCourse>1</lectureIndexInCourse>
      <period reference="149"/>
      <room reference="153"/>
    </Lecture>
    <Lecture id="247">
      <id>33</id>
      <course reference="55"/>
      <lectureIndexInCourse>2</lectureIndexInCourse>
      <period reference="148"/>
      <room reference="153"/>
    </Lecture>
    <Lecture id="248">
      <id>34</id>
      <course reference="55"/>
      <lectureIndexInCourse>3</lectureIndexInCourse>
      <period reference="147"/>
      <room reference="153"/>
    </Lecture>
    <Lecture id="249">
      <id>35</id>
      <course reference="55"/>
      <lectureIndexInCourse>4</lectureIndexInCourse>
      <period reference="146"/>
      <room reference="153"/>
    </Lecture>
    <Lecture id="250">
      <id>36</id>
      <course reference="55"/>
      <lectureIndexInCourse>5</lectureIndexInCourse>
      <period reference="122"/>
      <room reference="153"/>
    </Lecture>
    <Lecture id="251">
      <id>37</id>
      <course reference="55"/>
      <lectureIndexInCourse>6</lectureIndexInCourse>
      <period reference="110"/>
      <room reference="153"/>
    </Lecture>
    <Lecture id="252">
      <id>38</id>
      <course reference="57"/>
      <lectureIndexInCourse>0</lectureIndexInCourse>
      <period reference="132"/>
      <room reference="156"/>
    </Lecture>
    <Lecture id="253">
      <id>39</id>
      <course reference="57"/>
      <lectureIndexInCourse>1</lectureIndexInCourse>
      <period reference="124"/>
      <room reference="156"/>
    </Lecture>
    <Lecture id="254">
      <id>40</id>
      <course reference="59"/>
      <lectureIndexInCourse>0</lectureIndexInCourse>
      <period reference="132"/>
      <room reference="154"/>
    </Lecture>
    <Lecture id="255">
      <id>41</id>
      <course reference="59"/>
      <lectureIndexInCourse>1</lectureIndexInCourse>
      <period reference="131"/>
      <room reference="154"/>
    </Lecture>
    <Lecture id="256">
      <id>42</id>
      <course reference="59"/>
      <lectureIndexInCourse>2</lectureIndexInCourse>
      <period reference="122"/>
      <room reference="154"/>
    </Lecture>
    <Lecture id="257">
      <id>43</id>
      <course reference="59"/>
      <lectureIndexInCourse>3</lectureIndexInCourse>
      <period reference="112"/>
      <room reference="154"/>
    </Lecture>
    <Lecture id="258">
      <id>44</id>
      <course reference="61"/>
      <lectureIndexInCourse>0</lectureIndexInCourse>
      <period reference="149"/>
      <room reference="154"/>
    </Lecture>
    <Lecture id="259">
      <id>45</id>
      <course reference="61"/>
      <lectureIndexInCourse>1</lectureIndexInCourse>
      <period reference="148"/>
      <room reference="154"/>
    </Lecture>
    <Lecture id="260">
      <id>46</id>
      <course reference="61"/>
      <lectureIndexInCourse>2</lectureIndexInCourse>
      <period reference="147"/>
      <room reference="154"/>
    </Lecture>
    <Lecture id="261">
      <id>47</id>
      <course reference="61"/>
      <lectureIndexInCourse>3</lectureIndexInCourse>
      <period reference="146"/>
      <room reference="154"/>
    </Lecture>
    <Lecture id="262">
      <id>48</id>
      <course reference="61"/>
      <lectureIndexInCourse>4</lectureIndexInCourse>
      <period reference="145"/>
      <room reference="154"/>
    </Lecture>
    <Lecture id="263">
      <id>49</id>
      <course reference="61"/>
      <lectureIndexInCourse>5</lectureIndexInCourse>
      <period reference="144"/>
      <room reference="154"/>
    </Lecture>
    <Lecture id="264">
      <id>50</id>
      <course reference="61"/>
      <lectureIndexInCourse>6</lectureIndexInCourse>
      <period reference="110"/>
      <room reference="154"/>
    </Lecture>
    <Lecture id="265">
      <id>51</id>
      <course reference="61"/>
      <lectureIndexInCourse>7</lectureIndexInCourse>
      <period reference="121"/>
      <room reference="154"/>
    </Lecture>
    <Lecture id="266">
      <id>52</id>
      <course reference="63"/>
      <lectureIndexInCourse>0</lectureIndexInCourse>
      <period reference="138"/>
      <room reference="158"/>
    </Lecture>
    <Lecture id="267">
      <id>53</id>
      <course reference="63"/>
      <lectureIndexInCourse>1</lectureIndexInCourse>
      <period reference="125"/>
      <room reference="154"/>
    </Lecture>
    <Lecture id="268">
      <id>54</id>
      <course reference="63"/>
      <lectureIndexInCourse>2</lectureIndexInCourse>
      <period reference="124"/>
      <room reference="154"/>
    </Lecture>
    <Lecture id="269">
      <id>55</id>
      <course reference="63"/>
      <lectureIndexInCourse>3</lectureIndexInCourse>
      <period reference="133"/>
      <room reference="154"/>
    </Lecture>
    <Lecture id="270">
      <id>56</id>
      <course reference="63"/>
      <lectureIndexInCourse>4</lectureIndexInCourse>
      <period reference="114"/>
      <room reference="153"/>
    </Lecture>
    <Lecture id="271">
      <id>57</id>
      <course reference="65"/>
      <lectureIndexInCourse>0</lectureIndexInCourse>
      <period reference="116"/>
      <room reference="156"/>
    </Lecture>
    <Lecture id="272">
      <id>58</id>
      <course reference="65"/>
      <lectureIndexInCourse>1</lectureIndexInCourse>
      <period reference="114"/>
      <room reference="156"/>
    </Lecture>
    <Lecture id="273">
      <id>59</id>
      <course reference="65"/>
      <lectureIndexInCourse>2</lectureIndexInCourse>
      <period reference="149"/>
      <room reference="156"/>
    </Lecture>
    <Lecture id="274">
      <id>60</id>
      <course reference="65"/>
      <lectureIndexInCourse>3</lectureIndexInCourse>
      <period reference="131"/>
      <room reference="156"/>
    </Lecture>
    <Lecture id="275">
      <id>61</id>
      <course reference="65"/>
      <lectureIndexInCourse>4</lectureIndexInCourse>
      <period reference="139"/>
      <room reference="156"/>
    </Lecture>
    <Lecture id="276">
      <id>62</id>
      <course reference="67"/>
      <lectureIndexInCourse>0</lectureIndexInCourse>
      <period reference="144"/>
      <room reference="158"/>
    </Lecture>
    <Lecture id="277">
      <id>63</id>
      <course reference="67"/>
      <lectureIndexInCourse>1</lectureIndexInCourse>
      <period reference="141"/>
      <room reference="156"/>
    </Lecture>
    <Lecture id="278">
      <id>64</id>
      <course reference="67"/>
      <lectureIndexInCourse>2</lectureIndexInCourse>
      <period reference="120"/>
      <room reference="156"/>
    </Lecture>
    <Lecture id="279">
      <id>65</id>
      <course reference="67"/>
      <lectureIndexInCourse>3</lectureIndexInCourse>
      <period reference="140"/>
      <room reference="156"/>
    </Lecture>
    <Lecture id="280">
      <id>66</id>
      <course reference="67"/>
      <lectureIndexInCourse>4</lectureIndexInCourse>
      <period reference="128"/>
      <room reference="154"/>
    </Lecture>
    <Lecture id="281">
      <id>67</id>
      <course reference="69"/>
      <lectureIndexInCourse>0</lectureIndexInCourse>
      <period reference="138"/>
      <room reference="154"/>
    </Lecture>
    <Lecture id="282">
      <id>68</id>
      <course reference="71"/>
      <lectureIndexInCourse>0</lectureIndexInCourse>
      <period reference="129"/>
      <room reference="154"/>
    </Lecture>
    <Lecture id="283">
      <id>69</id>
      <course reference="71"/>
      <lectureIndexInCourse>1</lectureIndexInCourse>
      <period reference="130"/>
      <room reference="154"/>
    </Lecture>
    <Lecture id="284">
      <id>70</id>
      <course reference="71"/>
      <lectureIndexInCourse>2</lectureIndexInCourse>
      <period reference="108"/>
      <room reference="154"/>
    </Lecture>
    <Lecture id="285">
      <id>71</id>
      <course reference="71"/>
      <lectureIndexInCourse>3</lectureIndexInCourse>
      <period reference="106"/>
      <room reference="154"/>
    </Lecture>
    <Lecture id="286">
      <id>72</id>
      <course reference="71"/>
      <lectureIndexInCourse>4</lectureIndexInCourse>
      <period reference="137"/>
      <room reference="154"/>
    </Lecture>
    <Lecture id="287">
      <id>73</id>
      <course reference="71"/>
      <lectureIndexInCourse>5</lectureIndexInCourse>
      <period reference="136"/>
      <room reference="154"/>
    </Lecture>
    <Lecture id="288">
      <id>74</id>
      <course reference="73"/>
      <lectureIndexInCourse>0</lectureIndexInCourse>
      <period reference="122"/>
      <room reference="157"/>
    </Lecture>
    <Lecture id="289">
      <id>75</id>
      <course reference="73"/>
      <lectureIndexInCourse>1</lectureIndexInCourse>
      <period reference="149"/>
      <room reference="157"/>
    </Lecture>
    <Lecture id="290">
      <id>76</id>
      <course reference="73"/>
      <lectureIndexInCourse>2</lectureIndexInCourse>
      <period reference="123"/>
      <room reference="158"/>
    </Lecture>
    <Lecture id="291">
      <id>77</id>
      <course reference="73"/>
      <lectureIndexInCourse>3</lectureIndexInCourse>
      <period reference="106"/>
      <room reference="158"/>
    </Lecture>
    <Lecture id="292">
      <id>78</id>
      <course reference="73"/>
      <lectureIndexInCourse>4</lectureIndexInCourse>
      <period reference="129"/>
      <room reference="158"/>
    </Lecture>
    <Lecture id="293">
      <id>79</id>
      <course reference="75"/>
      <lectureIndexInCourse>0</lectureIndexInCourse>
      <period reference="141"/>
      <room reference="158"/>
    </Lecture>
    <Lecture id="294">
      <id>80</id>
      <course reference="75"/>
      <lectureIndexInCourse>1</lectureIndexInCourse>
      <period reference="116"/>
      <room reference="158"/>
    </Lecture>
    <Lecture id="295">
      <id>81</id>
      <course reference="75"/>
      <lectureIndexInCourse>2</lectureIndexInCourse>
      <period reference="140"/>
      <room reference="158"/>
    </Lecture>
    <Lecture id="296">
      <id>82</id>
      <course reference="75"/>
      <lectureIndexInCourse>3</lectureIndexInCourse>
      <period reference="124"/>
      <room reference="155"/>
    </Lecture>
    <Lecture id="297">
      <id>83</id>
      <course reference="75"/>
      <lectureIndexInCourse>4</lectureIndexInCourse>
      <period reference="131"/>
      <room reference="155"/>
    </Lecture>
    <Lecture id="298">
      <id>84</id>
      <course reference="77"/>
      <lectureIndexInCourse>0</lectureIndexInCourse>
      <period reference="138"/>
      <room reference="156"/>
    </Lecture>
    <Lecture id="299">
      <id>85</id>
      <course reference="77"/>
      <lectureIndexInCourse>1</lectureIndexInCourse>
      <period reference="112"/>
      <room reference="156"/>
    </Lecture>
    <Lecture id="300">
      <id>86</id>
      <course reference="77"/>
      <lectureIndexInCourse>2</lectureIndexInCourse>
      <period reference="147"/>
      <room reference="156"/>
    </Lecture>
    <Lecture id="301">
      <id>87</id>
      <course reference="77"/>
      <lectureIndexInCourse>3</lectureIndexInCourse>
      <period reference="128"/>
      <room reference="157"/>
    </Lecture>
    <Lecture id="302">
      <id>88</id>
      <course reference="77"/>
      <lectureIndexInCourse>4</lectureIndexInCourse>
      <period reference="110"/>
      <room reference="157"/>
    </Lecture>
    <Lecture id="303">
      <id>89</id>
      <course reference="77"/>
      <lectureIndexInCourse>5</lectureIndexInCourse>
      <period reference="146"/>
      <room reference="157"/>
    </Lecture>
    <Lecture id="304">
      <id>90</id>
      <course reference="79"/>
      <lectureIndexInCourse>0</lectureIndexInCourse>
      <period reference="128"/>
      <room reference="156"/>
    </Lecture>
    <Lecture id="305">
      <id>91</id>
      <course reference="79"/>
      <lectureIndexInCourse>1</lectureIndexInCourse>
      <period reference="137"/>
      <room reference="156"/>
    </Lecture>
    <Lecture id="306">
      <id>92</id>
      <course reference="79"/>
      <lectureIndexInCourse>2</lectureIndexInCourse>
      <period reference="136"/>
      <room reference="156"/>
    </Lecture>
    <Lecture id="307">
      <id>93</id>
      <course reference="79"/>
      <lectureIndexInCourse>3</lectureIndexInCourse>
      <period reference="106"/>
      <room reference="156"/>
    </Lecture>
    <Lecture id="308">
      <id>94</id>
      <course reference="79"/>
      <lectureIndexInCourse>4</lectureIndexInCourse>
      <period reference="144"/>
      <room reference="156"/>
    </Lecture>
    <Lecture id="309">
      <id>95</id>
      <course reference="79"/>
      <lectureIndexInCourse>5</lectureIndexInCourse>
      <period reference="129"/>
      <room reference="156"/>
    </Lecture>
    <Lecture id="310">
      <id>96</id>
      <course reference="81"/>
      <lectureIndexInCourse>0</lectureIndexInCourse>
      <period reference="108"/>
      <room reference="156"/>
    </Lecture>
    <Lecture id="311">
      <id>97</id>
      <course reference="81"/>
      <lectureIndexInCourse>1</lectureIndexInCourse>
      <period reference="145"/>
      <room reference="156"/>
    </Lecture>
    <Lecture id="312">
      <id>98</id>
      <course reference="81"/>
      <lectureIndexInCourse>2</lectureIndexInCourse>
      <period reference="130"/>
      <room reference="156"/>
    </Lecture>
    <Lecture id="313">
      <id>99</id>
      <course reference="81"/>
      <lectureIndexInCourse>3</lectureIndexInCourse>
      <period reference="110"/>
      <room reference="156"/>
    </Lecture>
    <Lecture id="314">
      <id>100</id>
      <course reference="81"/>
      <lectureIndexInCourse>4</lectureIndexInCourse>
      <period reference="146"/>
      <room reference="156"/>
    </Lecture>
    <Lecture id="315">
      <id>101</id>
      <course reference="83"/>
      <lectureIndexInCourse>0</lectureIndexInCourse>
      <period reference="129"/>
      <room reference="157"/>
    </Lecture>
    <Lecture id="316">
      <id>102</id>
      <course reference="83"/>
      <lectureIndexInCourse>1</lectureIndexInCourse>
      <period reference="106"/>
      <room reference="157"/>
    </Lecture>
    <Lecture id="317">
      <id>103</id>
      <course reference="83"/>
      <lectureIndexInCourse>2</lectureIndexInCourse>
      <period reference="144"/>
      <room reference="157"/>
    </Lecture>
    <Lecture id="318">
      <id>104</id>
      <course reference="83"/>
      <lectureIndexInCourse>3</lectureIndexInCourse>
      <period reference="130"/>
      <room reference="157"/>
    </Lecture>
    <Lecture id="319">
      <id>105</id>
      <course reference="83"/>
      <lectureIndexInCourse>4</lectureIndexInCourse>
      <period reference="108"/>
      <room reference="157"/>
    </Lecture>
    <Lecture id="320">
      <id>106</id>
      <course reference="83"/>
      <lectureIndexInCourse>5</lectureIndexInCourse>
      <period reference="145"/>
      <room reference="157"/>
    </Lecture>
    <Lecture id="321">
      <id>107</id>
      <course reference="85"/>
      <lectureIndexInCourse>0</lectureIndexInCourse>
      <period reference="149"/>
      <room reference="158"/>
    </Lecture>
    <Lecture id="322">
      <id>108</id>
      <course reference="85"/>
      <lectureIndexInCourse>1</lectureIndexInCourse>
      <period reference="121"/>
      <room reference="158"/>
    </Lecture>
    <Lecture id="323">
      <id>109</id>
      <course reference="85"/>
      <lectureIndexInCourse>2</lectureIndexInCourse>
      <period reference="120"/>
      <room reference="158"/>
    </Lecture>
    <Lecture id="324">
      <id>110</id>
      <course reference="85"/>
      <lectureIndexInCourse>3</lectureIndexInCourse>
      <period reference="128"/>
      <room reference="158"/>
    </Lecture>
    <Lecture id="325">
      <id>111</id>
      <course reference="85"/>
      <lectureIndexInCourse>4</lectureIndexInCourse>
      <period reference="110"/>
      <room reference="158"/>
    </Lecture>
    <Lecture id="326">
      <id>112</id>
      <course reference="85"/>
      <lectureIndexInCourse>5</lectureIndexInCourse>
      <period reference="146"/>
      <room reference="158"/>
    </Lecture>
    <Lecture id="327">
      <id>113</id>
      <course reference="87"/>
      <lectureIndexInCourse>0</lectureIndexInCourse>
      <period reference="139"/>
      <room reference="158"/>
    </Lecture>
    <Lecture id="328">
      <id>114</id>
      <course reference="87"/>
      <lectureIndexInCourse>1</lectureIndexInCourse>
      <period reference="136"/>
      <room reference="158"/>
    </Lecture>
    <Lecture id="329">
      <id>115</id>
      <course reference="87"/>
      <lectureIndexInCourse>2</lectureIndexInCourse>
      <period reference="131"/>
      <room reference="158"/>
    </Lecture>
    <Lecture id="330">
      <id>116</id>
      <course reference="87"/>
      <lectureIndexInCourse>3</lectureIndexInCourse>
      <period reference="114"/>
      <room reference="158"/>
    </Lecture>
    <Lecture id="331">
      <id>117</id>
      <course reference="87"/>
      <lectureIndexInCourse>4</lectureIndexInCourse>
      <period reference="148"/>
      <room reference="158"/>
    </Lecture>
    <Lecture id="332">
      <id>118</id>
      <course reference="87"/>
      <lectureIndexInCourse>5</lectureIndexInCourse>
      <period reference="137"/>
      <room reference="158"/>
    </Lecture>
    <Lecture id="333">
      <id>119</id>
      <course reference="89"/>
      <lectureIndexInCourse>0</lectureIndexInCourse>
      <period reference="141"/>
      <room reference="157"/>
    </Lecture>
    <Lecture id="334">
      <id>120</id>
      <course reference="89"/>
      <lectureIndexInCourse>1</lectureIndexInCourse>
      <period reference="140"/>
      <room reference="157"/>
    </Lecture>
    <Lecture id="335">
      <id>121</id>
      <course reference="89"/>
      <lectureIndexInCourse>2</lectureIndexInCourse>
      <period reference="139"/>
      <room reference="157"/>
    </Lecture>
    <Lecture id="336">
      <id>122</id>
      <course reference="89"/>
      <lectureIndexInCourse>3</lectureIndexInCourse>
      <period reference="136"/>
      <room reference="157"/>
    </Lecture>
    <Lecture id="337">
      <id>123</id>
      <course reference="89"/>
      <lectureIndexInCourse>4</lectureIndexInCourse>
      <period reference="137"/>
      <room reference="157"/>
    </Lecture>
    <Lecture id="338">
      <id>124</id>
      <course reference="89"/>
      <lectureIndexInCourse>5</lectureIndexInCourse>
      <period reference="138"/>
      <room reference="157"/>
    </Lecture>
    <Lecture id="339">
      <id>125</id>
      <course reference="91"/>
      <lectureIndexInCourse>0</lectureIndexInCourse>
      <period reference="141"/>
      <room reference="155"/>
    </Lecture>
    <Lecture id="340">
      <id>126</id>
      <course reference="91"/>
      <lectureIndexInCourse>1</lectureIndexInCourse>
      <period reference="122"/>
      <room reference="158"/>
    </Lecture>
    <Lecture id="341">
      <id>127</id>
      <course reference="91"/>
      <lectureIndexInCourse>2</lectureIndexInCourse>
      <period reference="108"/>
      <room reference="158"/>
    </Lecture>
    <Lecture id="342">
      <id>128</id>
      <course reference="91"/>
      <lectureIndexInCourse>3</lectureIndexInCourse>
      <period reference="145"/>
      <room reference="158"/>
    </Lecture>
    <Lecture id="343">
      <id>129</id>
      <course reference="91"/>
      <lectureIndexInCourse>4</lectureIndexInCourse>
      <period reference="140"/>
      <room reference="155"/>
    </Lecture>
    <Lecture id="344">
      <id>130</id>
      <course reference="93"/>
      <lectureIndexInCourse>0</lectureIndexInCourse>
      <period reference="112"/>
      <room reference="155"/>
    </Lecture>
    <Lecture id="345">
      <id>131</id>
      <course reference="93"/>
      <lectureIndexInCourse>1</lectureIndexInCourse>
      <period reference="110"/>
      <room reference="155"/>
    </Lecture>
    <Lecture id="346">
      <id>132</id>
      <course reference="93"/>
      <lectureIndexInCourse>2</lectureIndexInCourse>
      <period reference="147"/>
      <room reference="155"/>
    </Lecture>
    <Lecture id="347">
      <id>133</id>
      <course reference="93"/>
      <lectureIndexInCourse>3</lectureIndexInCourse>
      <period reference="146"/>
      <room reference="155"/>
    </Lecture>
    <Lecture id="348">
      <id>134</id>
      <course reference="93"/>
      <lectureIndexInCourse>4</lectureIndexInCourse>
      <period reference="137"/>
      <room reference="155"/>
    </Lecture>
    <Lecture id="349">
      <id>135</id>
      <course reference="93"/>
      <lectureIndexInCourse>5</lectureIndexInCourse>
      <period reference="138"/>
      <room reference="155"/>
    </Lecture>
    <Lecture id="350">
      <id>136</id>
      <course reference="95"/>
      <lectureIndexInCourse>0</lectureIndexInCourse>
      <period reference="139"/>
      <room reference="155"/>
    </Lecture>
    <Lecture id="351">
      <id>137</id>
      <course reference="95"/>
      <lectureIndexInCourse>1</lectureIndexInCourse>
      <period reference="121"/>
      <room reference="155"/>
    </Lecture>
    <Lecture id="352">
      <id>138</id>
      <course reference="95"/>
      <lectureIndexInCourse>2</lectureIndexInCourse>
      <period reference="120"/>
      <room reference="155"/>
    </Lecture>
    <Lecture id="353">
      <id>139</id>
      <course reference="95"/>
      <lectureIndexInCourse>3</lectureIndexInCourse>
      <period reference="114"/>
      <room reference="155"/>
    </Lecture>
    <Lecture id="354">
      <id>140</id>
      <course reference="95"/>
      <lectureIndexInCourse>4</lectureIndexInCourse>
      <period reference="148"/>
      <room reference="155"/>
    </Lecture>
    <Lecture id="355">
      <id>141</id>
      <course reference="95"/>
      <lectureIndexInCourse>5</lectureIndexInCourse>
      <period reference="136"/>
      <room reference="155"/>
    </Lecture>
    <Lecture id="356">
      <id>142</id>
      <course reference="97"/>
      <lectureIndexInCourse>0</lectureIndexInCourse>
      <period reference="148"/>
      <room reference="156"/>
    </Lecture>
    <Lecture id="357">
      <id>143</id>
      <course reference="97"/>
      <lectureIndexInCourse>1</lectureIndexInCourse>
      <period reference="123"/>
      <room reference="155"/>
    </Lecture>
    <Lecture id="358">
      <id>144</id>
      <course reference="97"/>
      <lectureIndexInCourse>2</lectureIndexInCourse>
      <period reference="122"/>
      <room reference="155"/>
    </Lecture>
    <Lecture id="359">
      <id>145</id>
      <course reference="97"/>
      <lectureIndexInCourse>3</lectureIndexInCourse>
      <period reference="116"/>
      <room reference="155"/>
    </Lecture>
    <Lecture id="360">
      <id>146</id>
      <course reference="97"/>
      <lectureIndexInCourse>4</lectureIndexInCourse>
      <period reference="149"/>
      <room reference="155"/>
    </Lecture>
    <Lecture id="361">
      <id>147</id>
      <course reference="97"/>
      <lectureIndexInCourse>5</lectureIndexInCourse>
      <period reference="128"/>
      <room reference="155"/>
    </Lecture>
    <Lecture id="362">
      <id>148</id>
      <course reference="99"/>
      <lectureIndexInCourse>0</lectureIndexInCourse>
      <period reference="132"/>
      <room reference="157"/>
    </Lecture>
    <Lecture id="363">
      <id>149</id>
      <course reference="99"/>
      <lectureIndexInCourse>1</lectureIndexInCourse>
      <period reference="131"/>
      <room reference="157"/>
    </Lecture>
    <Lecture id="364">
      <id>150</id>
      <course reference="99"/>
      <lectureIndexInCourse>2</lectureIndexInCourse>
      <period reference="114"/>
      <room reference="157"/>
    </Lecture>
    <Lecture id="365">
      <id>151</id>
      <course reference="99"/>
      <lectureIndexInCourse>3</lectureIndexInCourse>
      <period reference="112"/>
      <room reference="157"/>
    </Lecture>
    <Lecture id="366">
      <id>152</id>
      <course reference="99"/>
      <lectureIndexInCourse>4</lectureIndexInCourse>
      <period reference="148"/>
      <room reference="157"/>
    </Lecture>
    <Lecture id="367">
      <id>153</id>
      <course reference="99"/>
      <lectureIndexInCourse>5</lectureIndexInCourse>
      <period reference="147"/>
      <room reference="157"/>
    </Lecture>
    <Lecture id="368">
      <id>154</id>
      <course reference="101"/>
      <lectureIndexInCourse>0</lectureIndexInCourse>
      <period reference="129"/>
      <room reference="155"/>
    </Lecture>
    <Lecture id="369">
      <id>155</id>
      <course reference="101"/>
      <lectureIndexInCourse>1</lectureIndexInCourse>
      <period reference="130"/>
      <room reference="155"/>
    </Lecture>
    <Lecture id="370">
      <id>156</id>
      <course reference="101"/>
      <lectureIndexInCourse>2</lectureIndexInCourse>
      <period reference="108"/>
      <room reference="155"/>
    </Lecture>
    <Lecture id="371">
      <id>157</id>
      <course reference="101"/>
      <lectureIndexInCourse>3</lectureIndexInCourse>
      <period reference="106"/>
      <room reference="155"/>
    </Lecture>
    <Lecture id="372">
      <id>158</id>
      <course reference="101"/>
      <lectureIndexInCourse>4</lectureIndexInCourse>
      <period reference="145"/>
      <room reference="155"/>
    </Lecture>
    <Lecture id="373">
      <id>159</id>
      <course reference="101"/>
      <lectureIndexInCourse>5</lectureIndexInCourse>
      <period reference="144"/>
      <room reference="155"/>
    </Lecture>
  </lectureList>
  <score id="374">0hard/-259soft</score>
</CourseSchedule>